country,party_id,party,family,eu_position,lrecon,galtan,lrgen,immigrate_policy,multiculturalism,redistribution,climate_change,environment,spendvtax,deregulation,civlib_laworder,womens_rights,lgbtq_rights,samesex_marriage,religious_principles,ethnic_minorities,nationalism,urban_rural,protectionism,regions,executive_power,judicial_independence,corrupt_salience,anti_islam,people_v_elite,eu_foreign,eu_intmark,eu_russia
Belgium,102,PS,Socialist,5.7777777,2.4444444,2.7777777,2.5555556,3.2222223,3.1111112,2.4285715,4,3,2.2,3.3333333,2.6666667,3,1,2.1428571,4.25,2.3333333,3.75,4,5.75,5.5,4.5,1.75,0.5,0,4,5,3.5,4.5
Belgium,103,Vooruit,Socialist,6.0999999,4.0999999,3.0999999,4.3000002,5,5.1111112,3.5,3.4000001,3.2,3.1666667,4,3.3333333,2.4285715,0.5,1.5714285,4.4000001,5,3.75,4,5.25,5.5,4,2,0.5,1.5,4,5,4.5,3.3333333
Belgium,104,Ecolo,Green,5.8888888,2.4444444,1.5555556,2.4444444,2.4444444,2.4285715,2.7142856,0,1,2.2,3.6666667,1.3333334,2.3333333,0,0.83333331,5.75,1.75,1.75,3,5.75,6.75,2.5,1.5,0.5,0,6,5.5,5,6
Belgium,105,Groen,Green,5.9000001,2.7,1.6,2.5,2.5999999,2.5555556,2.5,0,1,2.3333333,3.6666667,1.6666666,2,0,0.85714287,5.4000001,2.25,1.75,3,5.5,6.25,2.5,1.4,0.5,0.5,6,5.5,5,4.6666665
Belgium,106,MR,Liberal,6.4444447,8,5.2222223,7.4444447,6.5,7.25,7.8571429,5.5,7.4000001,8.3999996,8,6,4.8000002,1,2.5714285,1.5,6.75,4,6,1.75,6.25,6.5,4.25,0.5,5,2.6666667,5,7,2.3333333
Belgium,107,Open Vld,Liberal,6.6999998,7,3,6.3333335,5.5999999,5.7777777,6.625,4.8000002,6,7.6666665,7.3333335,4.6666665,2.4285715,0.5,1.1428572,1.2,5,2.75,4.5,2,5.25,6,1.4,0.5,1.5,4,5.5,7,2
Belgium,109,CD&V,Christian-Democratic,6.6999998,5.5999999,6.8000002,5.6999998,5.5,5.6666665,5,5.1999998,6.4000001,5,4.6666665,5,4,3,5.125,6.5999999,5.75,5.25,7.6666665,5.25,4,4,1.6,0.5,1.5,3.3333333,5.5,6,3.6666667
Belgium,110,N-VA,Regionalist,4.5,7.5,7.0999999,7.5,8.1999998,7.7777777,6.875,5.5999999,6.8000002,8.5,6.3333335,8,4.1428571,3,3.1428571,3,8,7.5,5.6666665,2.75,0.5,5.5,5.4000001,0.5,5.6666665,2.6666667,4,6,1
Belgium,112,VB,Radical Right,2,7,8.8999996,9.1999998,9.8999996,9.8888893,5.25,7,8,6,5.5,9.333333,5.5714288,7.5,6.8571429,3.4000001,9.75,9.25,5,7,1.25,6,6,0.5,9,7.6666665,2,2.5,5.6666665
Belgium,119,PVDA-PTB,Radical Left,2.4444444,0.80000001,3.2,0.80000001,2.7777777,2.5,0.625,4.75,5,1,1.6666666,2,2.5714285,2.5,2.5714285,5.75,2,4.75,2.5,7.25,8,8,2.5,0.5,0.5,8,1.5,2,7
Denmark,201,S,Socialist,5.818182,4.090909,4,4,7.2727275,7.7777777,3.5999999,4,3.5999999,3.5,3.75,7,3.5,3.5999999,1.6,1.3333334,6,7,4.75,4.6666665,5,6,1.6666666,2.5999999,6,2.5,4.3333335,5,1.5
Denmark,202,RV,Liberal,7,5.5454545,1.7272727,4.909091,3,3.2222223,5.5,2.8333333,1.8,5.6666665,5.25,4.5,2.3333333,1.4,1.4,1,3,2,4.25,2.8333333,5.75,4.8333335,1,2.5999999,1,3,6,6.25,3
Denmark,203,DKF,Conservatives,5.5454545,7,5.909091,7,7.181818,7.3333335,7,4.6666665,5.1999998,7,5.75,7.25,5.1666665,5.5999999,2.25,2,6,7.3333335,4.75,2.8333333,5.75,5.3333335,1.3333334,2.5999999,4,3.25,4.3333335,6.25,0.75
Denmark,206,SF,Green,5.5454545,2.7272727,3,2.7272727,4.6363635,4.7777777,2.5,3.3333333,2.2,2.1666667,2.5,5.25,2,2,1.6,1,3.5,5.5,4.5,5.5,5.5,4,1,2.5999999,3,3.25,4.6666665,4.25,2.75
Denmark,211,V,Liberal,6,6.5454545,4.6363635,6.6363635,7.090909,7.4444447,6.1999998,5.1666665,5.8000002,6.6666665,4.75,6.75,4.5,4,1.6,1.3333334,6.5,6.6666665,5.75,3.5,4.25,5.8333335,1.6666666,2.5999999,5,2.5,5,6,1.75
Denmark,213,EL,Radical Left,3.090909,1.3636364,1.9090909,1.2727273,3,2.8888888,1.1,2.1666667,1.4,1.1666666,2.5,3.25,1.3333334,0.80000001,1.4,0.66666669,2.3333333,3.5,4.25,6.1666665,5.5,3.3333333,1,2.8,1,4.75,1.3333334,3,6
Denmark,215,DPP,Radical Right,1.9090909,5.5454545,7.6363635,8,9,9.333333,5.5999999,7.1666665,7,5.1666665,6,8.25,6.1666665,7,3,2,9,8.833333,6.25,5,4.25,5,2.6666667,2.5999999,10,5,1.3333334,3,4.5
Denmark,218,LA,Liberal,4.6363635,8.363636,4.5454545,7.818182,6.5454545,5.6666665,8.5,6.6666665,6.1999998,9,7.25,4.5,5.1666665,3.5999999,1.6,1.3333334,6.3333335,5.1666665,5,1.5,5.25,4.1999998,1.3333334,2.5999999,4,4,3.3333333,6.25,2.25
Denmark,219,ALT,Green,5.181818,2.3636363,1.7272727,2,3.2727273,2.5555556,2.3,2.1666667,0.80000001,2.1666667,3.25,2.75,2,0.40000001,1.4,1,1.6666666,2,5,5.1999998,2.5,2.5,1,2.5999999,1,5.5,3.5,4.25,4.5
Denmark,220,NB,Radical Right,2.5454545,7.909091,7.181818,8.818182,9.090909,9.1111107,8,7.6666665,6.5999999,8,6.75,8.333333,7.1999998,6.8000002,3.25,1,9,8.833333,5.6666665,3.75,5.3333335,5.5,2,2.5999999,10,4.75,1.6666666,4,3.75
Denmark,221,M,Liberal,6.3636365,5.6363635,3.8181818,5.5454545,5.818182,6.5555553,5.8000002,4.6666665,4.75,5.5,4.75,6.5,4.3333335,4,1.6,1.3333334,5.5,4.6666665,4.5,3.5,6.25,6,1.3333334,2.5999999,4,2.25,5.3333335,6,1.75
Denmark,222,DD,Radical Right,3.1818182,6.7272725,6.5454545,7.5454545,8.727273,9,5.5999999,7.3333335,7.8000002,5.6666665,5.75,8,5.3333335,6.8000002,2.4000001,1.3333334,8.666667,8.833333,7,5.1666665,2.75,4.8333335,2.3333333,2.5999999,8,5.25,2,3.75,3.6666667
Germany,301,CDU,Christian-Democratic,6.4210525,6.5789475,6.5555553,6.5789475,7.2105265,7.3888888,6.3888888,5.4444447,5.8000002,6.25,6.1666665,7.1111112,5.3333335,5.4000001,4.375,6.375,5.875,5.8571429,6.181818,3.5714285,3.6666667,4,1,4,4.75,2.6363637,4.3333335,6,1.8
Germany,302,SPD,Socialist,6.3684211,3.4736843,3.6111112,3.4736843,5,4.1666665,2.8888888,3.3333333,3.4000001,2.3333333,3.3333333,4.2222223,3.6666667,3,2.375,2.875,2.875,3.2857144,3.6363637,5.2857141,6.3333335,3.3333333,1,4,1.25,3.090909,4.6666665,5.5714288,4.1999998
Germany,303,FDP,Liberal,5.8421054,7.5789475,3.2222223,6.0555553,6.0555553,5.1176472,8.1111107,6.3333335,6.6999998,8.833333,8,2.6666667,4,3,1.75,2,3.4285715,2.7142856,3.090909,1.8571428,4.3333335,2.6666667,0.66666669,4.1428571,3.5,3.9000001,4,6.8333335,2.2
Germany,304,Grunen,Green,6.7894735,3.3684211,1.6111112,3.0555556,2.4736843,1.3888888,3.0555556,0.55555558,0.89999998,2.1666667,3.5,1.8888888,2.1111112,1.8,1.875,2.75,0.75,1.2857143,2.909091,4.7142859,5.6666665,2.5833333,1,4.5714288,2,4.818182,5.8333335,5.5714288,2.4000001
Germany,306,DL,Radical Left,3.7222223,1.3684211,2.2941177,1.4210526,2.5625,2,0.94444442,4.2222223,2.1111112,1.1666666,1.5,3,2.3333333,1.1111112,2.375,1.5714285,1.25,1.7142857,2.5555556,8,7,3.5999999,1.6666666,5.2857141,3,4.3333335,2.5,2.7142856,8
Germany,308,CSU,Christian-Democratic,5.5,6.7692308,7.5384617,7.5714288,7.5384617,7.6666665,6.9285712,6.6666665,6.4285712,5.875,6.6666665,7.5714288,5.5,6.75,4.75,7.4000001,6.8333335,6.5,8.7142859,5,2.8333333,4.375,1.3333334,3.75,6.5,3.875,2.75,5.4000001,2
Germany,310,AfD,Radical Right,1.8947369,7.6315789,9.3888893,9.2631578,9.9473686,9.8888893,7.0588236,9.4444447,9,7.0999999,6.5999999,9.1111107,7.3333335,8.2222223,6.75,4.8571429,10,9.5714282999999991,6.6999998,7,4.25,7.2727275,9.5,4.5714288,9.75,8,1.1666666,2.4285715,8.3999996
Germany,313,BSW,Radical Left,2.4210527,2.7777777,7.0625,3.625,8.6315794,8.2142859,2,7.625,7.2222223,2.2,2.1666667,6.25,4.2857141,5.1999998,4.6666665,1.4,7.1428571,6.8571429,5,8.166667,5.6666665,5.5555553,9,4.8333335,7.5,7,1.8333334,2.1428571,9.1999998
Spain,501,PSOE,Socialist,6.9375,3.9375,2.9375,3.8125,4.1875,4.1999998,3.1875,3.125,2.5714285,2.375,4.1428571,3.2857144,2.375,1.25,0.27272728,2.4285715,3,4.125,4.2857141,4.625,3.5999999,4.5,5.125,6.5,1,3.4000001,6.1999998,5,4.4000001
Spain,502,PP,Conservatives,6.4375,7.25,7,7.1875,7,7.4666667,6.625,6.375,5.7142859,7.75,7.2857141,7.1428571,5.5,5.5,3.909091,6,6.5,6.375,5,3.5,7,4.1999998,4.5,7.5,3.5,2.5999999,6,3,3.2
Spain,504,IU,Radical Left,4.5999999,1.6,2.2666667,1.7333333,2.2666667,2.75,1.6,2.8571429,2.2857144,1,1.5714285,1.8333334,2.75,2,0.090909094,0.5714286,2.4285715,2.25,3.6666667,6.2857141,3.8,4.5999999,4.5,5,0.33333334,6.5,3.2,3,6.75
Spain,506,EAJ/PNV,Regionalist,6.0666666,6.1999998,6.1999998,6.125,5.5384617,6.5,5.5,5.5,4.4285712,6,5.6666665,4.8571429,4,4,2.2,6.5,3.1428571,5.7142859,5,5,0,3.8,3.8333333,5.5,2.5999999,4.3333335,5.5999999,6,3.75
Spain,511,ERC,Regionalist,5.7142859,2.8571429,2.5714285,3.4000001,3.2857144,4.6428571,3.3333333,3.4000001,2.5714285,2.5714285,3.5,2.6666667,2.5714285,2,0.2,1.2857143,2.8571429,5.1428571,4.1666665,5.6666665,0,5,4.5714288,2.5,1.2,6,4.5999999,6,5.6666665
Spain,513,BNG,Regionalist,5.3333335,2.7333333,2.5333333,2.6875,3,3.9000001,2.6875,3.2857144,2.8571429,2.125,2.6666667,2.1428571,2.5714285,2.5,0.22222222,0.66666669,2.5,4.8571429,5,6.4285712,0,3.2,4.1666665,4.5,0.40000001,6.75,4.4000001,4,6.5
Spain,524,EH Bildu,Regionalist,5.0666666,2.5,2.2,2.375,3,4,2.4375,2.5714285,2.5714285,1.75,2.6666667,2.4285715,2.4285715,2.25,0.2,0.66666669,2.625,5,4.8571429,6.6666665,0,4,4.5,4.5,0.2,6.75,4.1999998,5,7
Spain,525,Podemos,Radical Left,4.6875,1.625,1.4375,1.5625,1.5625,2.3333333,1.6875,2.375,2,1.125,1.7142857,1.5714285,2,0.25,0,0.5714286,2.125,2.375,3.1428571,6.75,3,4.3333335,5.125,4.5,0.16666667,8.1999998,3.2,3,8
Spain,527,Vox,Radical Right,3.0625,9,9.5,9.375,9.6875,9.9333334,8.5625,9,9.2857141,9.625,8.7142859,9.8571424,8.625,7.5,8,8.2857141,9.375,9.625,7.5714288,6.875,10,6,5.5,6.5,8.833333,4.8000002,4.1999998,1,2.4000001
Spain,550,Junts,Regionalist,5.6428571,6.3333335,5.9285712,6.5999999,6.8571429,7.6153846,6.2666669,5.8000002,4.2857141,7,6.1666665,5.8333335,4.1428571,4.6666665,2.0999999,4.6666665,4.2857141,6.5714288,5.5,5.6666665,0,6.1999998,4.7142859,4.5,4.1999998,6,4.8000002,6,4.6666665
Spain,551,Sumar,Radical Left,5.375,2.2666667,1.2,2.3125,2.3125,2.5999999,2.0625,1.5,1.7142857,1.375,2.2857144,2,2.125,0.25,0,0.71428573,2.25,2.125,3.5714285,6.375,3.5999999,4.1666665,4.625,5.5,0.16666667,7.5999999,4.1999998,4,6.5999999
Spain,552,Salf,Radical Right,2.8,8.4285717000000009,8.4285717000000009,8.9333334,9.3846149,9.6153851,8.3076925,8.5,9,9,9,8.6000004,7.8333335,6.6666665,6.5,9.333333,8.8571424,9,4.5,7,8,6,6.3333335,5,7.6666665,9,3,1,3
France,601,PCF,Radical Left,3.1111112,1.2727273,3.5454545,1.7272727,3.090909,4.4444447,1,4,4.3333335,1,1.2857143,2.8333333,2,2.5999999,2.4000001,0.42857143,2.3333333,3.25,4.3333335,7.8000002,4.6666665,2.2,3.25,3,2,6.1666665,3,2.5,5.5
France,602,PS,Socialist,6.2727275,3.3636363,2.7272727,3.4545455,3.1818182,3.3636363,2.2,3.25,3.3333333,1.6666666,3.4285715,2.8333333,1.75,2,2,1.7142857,2.3333333,2.75,3.1428571,5.4000001,4.5,2.8,3,4,1.5,4,4.5,5.5,2.3333333
France,605,LE/EELV,Green,6.1999998,2.3,1.7,2.3,1.6,1.7,1.4,0.75,2,1.3333334,1.2857143,2.1666667,0.5,0.80000001,0.80000001,1.5714285,1.6666666,0.66666669,3.5714285,5.75,2.3333333,2,1.25,4,0.5,5.3333335,4,4.5,3
France,609,LR,Conservatives,5.2727275,7.818182,7.181818,7.7272725,8.363636,8.181818,7.4000001,6,7.3333335,7.3333335,7.2857141,7.8333335,5.75,6.4000001,7.4000001,4.2857141,8,8.333333,5.7142859,4.4000001,6.3333335,5.5999999,5.75,1,7.5,3,2.5,5.5,3
France,610,RN,Radical Right,2.1818182,6,8.363636,8.818182,9.545455,9.818182,4.6999998,7.5,8,4.3333335,4,8.833333,6.5,7.1999998,7,2.8571429,9.333333,10,7.2857141,8.5,5,7.8000002,8.25,2,10,7,1,2,7.6666665
France,613,MoDem,Liberal,6.818182,5.6999998,4.5,5.3636365,4.6666665,5.3000002,5.5,4.5,5.6666665,5.3333335,6.7142859,3.8333333,3,4.1999998,3,3.2857144,5.6666665,3.3333333,5,3.8,4.75,3.5999999,3.25,3,1.5,2.6666667,4.5,6.25,3.3333333
France,626,RE,Liberal,6.2727275,6.181818,4.090909,6.2727275,5.7272725,5.6363635,6.1999998,4.5,5.6666665,6.5,7,5.8000002,2.75,2.8,2.75,2.5,5,4,3.4285715,3.8,5,5,4,2,2.5,2.7142856,4.5,6.5,1.3333334
France,627,FI,Radical Left,3,0.90909094,1.8181819,0.81818181,1.5454545,1.4545455,1,2.25,3.3333333,1,0.66666669,2,1.25,1,1.4,2.2857144,1.3333334,3,2.2857144,7.4000001,5,2.5999999,3.5,3,0,6.1666665,2.5,3.25,5
France,630,REC,Radical Right,1.6363636,8.333333,9.1000004,9.727273,9.666667,9.818182,7.8888888,8.333333,7.8333335,8.5,5.8000002,9.5,8.75,9.6000004,9.25,5.8571429,9.666667,10,5.5999999,6.8333335,9.5,8.25,8.5,2,10,6.1666665,1.5,3,5
France,631,Horizons,Liberal,6.4444447,6.8000002,5.3000002,6.5999999,6,6.3000002,6.4000001,4.5,6.3333335,7,7.4285712,5.5,4.75,4.1999998,4.1999998,3,6,5,3.8571429,3.5999999,5.5,4.4000001,3.75,2,2.5,2.6666667,5,6.75,2.6666667
Ireland,701,FF,Conservatives,6.4615383,5.2307692,5.2307692,5.3076925,4.6923075,5.4545455,4.5384617,4.4285712,5,4.4444447,5.3333335,4.8333335,3.8333333,3.75,3.5,4.6666665,4.4285712,5.3333335,6.4285712,3.625,6.5,4.75,1,3.8,1.25,4,3,6.3333335,4.5
Ireland,702,FG,Christian-Democratic,6.7692308,6.1538463,3.9230769,6.1538463,4.7692308,5.181818,5.6153846,4.1428571,5,6.3333335,5.6666665,5.6666665,3.3333333,3,2,4,4.4285712,4.8333335,5.4285712,3,6.5,4.75,1,3.8,0.75,3.6666667,3.75,6.6666665,3.75
Ireland,703,Lab,Socialist,6,3.4615386,2.3846154,3.4615386,3.3076923,3.2727273,3,2.7142856,3.8,2.8888888,3.3333333,3.1666667,1.6666666,2,1.25,2,4,3.5,3.2857144,5,3.5,4,1,4.5999999,0.75,5.3333335,2.5,5,5.75
Ireland,705,GP,Green,5.9166665,3.7692308,2,3.4615386,3,2.909091,3.3076923,0.71428573,2.5999999,3,3.3333333,2.5,2.1666667,1.875,1,2.3333333,3.8571429,2.6666667,3,5,3,3.5,1,4.8333335,0.75,7,2.75,4.6666665,5.75
Ireland,707,SF,Regionalist,4.0769229,2.4615386,4.0769229,2.6923077,5.6923075,5.181818,1.7692307,5.4285712,6.4000001,2.1111112,3,4.4000001,2.1666667,3.5,2.5,3.5,4.7142859,6.8333335,4.7142859,5.875,5,5.75,2,5.8000002,1.25,5,1.5,3,5.75
Ireland,709,S-PBP,Radical Left,2.8461537,0.92307693,1.7692307,1.0769231,1.8333334,1.625,0.92307693,4.1666665,4,1.2222222,1.3333334,3.3333333,1.1666666,1.75,0.75,1.5,2.8333333,2.5,2.4285715,7.5714288,4.5,3.75,1.4,6,0.75,7.6666665,1.75,2.3333333,6.6666665
Ireland,710,SD,Socialist,5.3846154,2.8461537,2.2307692,2.7692308,3,3.1818182,2.3846154,3.1428571,4,2.4444444,2.6666667,3.3333333,1.6666666,2.125,1,2,3.3333333,3,3,6,3.5,4.25,1.5,4.8000002,0.75,6.3333335,2.5,3.3333333,5.6666665
Ireland,713,Aon,Conservatives,3,4.8333335,8.2307692,6.5,7.8461537,8,4.3636365,7.3333335,6.8000002,5.5,4,7.6666665,7.3333335,6.5714288,7.5,7.4000001,6,7.3333335,7.1428571,6.8000002,5,5.75,2,6,2.3333333,6.3333335,1,3.3333333,5
Italy,811,Lega,Radical Right,1.6,6.8000002,8.8666668,8.666667,9.8666668,9.7692308,7.7142859,7.1428571,8.25,7.25,5.9000001,8.666667,6.7777777,9.3999996,8.8888893,7.25,8,9.125,7.7142859,10,2.9230769,8,7.2857141,2.75,9.5,6.375,1.2,3.6666667,7
Italy,815,FI,Conservatives,5.3333335,7.4000001,6.0714288,6.7333331,6.4666667,6.5384617,8.2142859,6.1428571,7,8.5,7.8000002,6.3333335,5,6.8000002,6.5555553,5.2857141,7,6.625,3.8333333,8,5.0769229,7.5,7.2857141,1,5,4.75,5.1999998,6,3
Italy,832,+E,Liberal,6.9333334,5.2666669,1.3333334,4.3333335,2.4285715,2.6153846,4.5384617,3.7142856,3.25,4.25,5.8888888,1.8333334,0.8888889,0.80000001,0.44444445,0.625,1.3333334,0.5,4,0,5.5999999,3.5,2.2857144,5.25,2,3,7,6.3333335,0
Italy,837,PD,Socialist,6.8000002,2.9333334,2.3333333,2.9333334,2.2,2,2.5714285,3.1428571,1.875,2,3.2,3.3333333,0.55555558,0.40000001,0.77777779,2.5,1.25,1.5,4.8333335,4,5.8461537,3,1.8571428,5.25,0.75,3.125,6.4000001,5.6666665,9
Italy,838,SI,Socialist,4.8461537,1.3846154,1.6923077,1.2307693,0.76923078,1.4615384,0.92307693,2.2,1,0.25,1.4444444,1.75,0.55555558,0.5,0.625,1.25,0,0.85714287,4.8000002,10,6.0833335,1.4,1.1666666,6.75,0.33333334,5,3.75,3,10
Italy,844,FDI,Radical Right,3.2666667,6.4000001,9.1333332,8.4666662,9.4666662,9.333333,7.0714288,6,7,6,5.4000001,8.833333,6.75,9,8.8000002,7.6666665,9.5,9.5,7,10,5.3846154,8.8000002,7.7142859,3.5,8.5,5.625,3.2,4.1666665,3
Italy,845,MS5,No family,4.0714288,2.8666666,3.2666667,3.3333333,4.8666668,4.8461537,1.6428572,2.4285715,1.5,2,3.4000001,4.3333335,3,3,3.1111112,2.625,3.5,4.375,5.75,6,6.4545455,4.75,1.4285715,9.5,1.6666666,7.125,2.8,3.5999999,10
Italy,849,A,Liberal,6.7857141,5.2142859,3.4615386,4.4285712,3.7692308,4.1666665,4.7692308,4.1428571,4.1428571,4.3333335,5.9000001,2.8333333,2.25,2.2,2.4444444,2.8571429,2.3333333,2.5,4,1,4.5,4,2.5714285,5.5,0.75,2.4285715,6.4000001,6,0
Netherlands,1001,CDA,Christian-Democratic,5.4166665,5.75,6.5,5.75,6,6.2727275,5.4000001,4,5.5999999,5,5.1428571,6.4000001,5.4000001,5,4.25,7.7142859,5,5.3333335,6.875,5,5.3333335,3.5,1,1,2.5,1.5,4.5,6.5,2
Netherlands,1002,PvdA,Socialist,6.1666665,2.9166667,2.5833333,3,3.4166667,3.1818182,3,1.5,3,2,2.2857144,3,1.8,1.4,0.2,1.8333334,2,3.6666667,2.7142856,5,5.6666665,2.1666667,0.5,1,1.25,1.5,5.5,5.6666665,3
Netherlands,1003,VVD,Liberal,5.1666665,7.6666665,5.9166665,7.6666665,8.583333,8.090909,7.1999998,4.5,6.1999998,8,8,8,4.1999998,4.5999999,0.60000002,2.1666667,6.5,5.6666665,4.1428571,2.6666667,4.3333335,5.8333335,1,1,6.25,1.5,4.75,7,2.5
Netherlands,1004,D66,Liberal,6.9166665,5.5,1.3333334,4.6666665,2.5,3,5.4000001,1,3.4000001,6,5.1428571,1.8,1.6,0.60000002,0.2,1.1666666,2.5,4,1.8571428,2.6666667,3.6666667,0.83333331,0.5,1,1,3,6,7,3
Netherlands,1005,GL,Green,6.3333335,2.5,0.91666669,2.5,2.0833333,2.1818182,2.9000001,0.16666667,2.4000001,1,2.5714285,2,1.2,0.60000002,0.2,1.3333334,1.5,4.3333335,1.8571428,6.6666665,4.3333335,1.1666666,0.5,1,1,2,5.5,5.6666665,3
Netherlands,1014,SP,Radical Left,3,1.3333334,4.6666665,1.1666666,5.5833335,5.7272725,1.6666666,3.8,4.4000001,0,0.5714286,3.8,4.25,4,0.60000002,1.1666666,4.5,4.3333335,5,8.666667,6,3.4000001,0.5,2,1.25,3.5,2.75,2.5,4.5
Netherlands,1016,CU,Confessional,4.5833335,4.3333335,6.9166665,4.5833335,4.25,5.2727275,4.1111112,3,3.8,4,4,4.1999998,4.5999999,6.1999998,5.4000001,9,4,3.6666667,6.3333335,5.6666665,4.3333335,1.6,0.5,1,2.6666667,1.5,3.5,5,3
Netherlands,1017,PVV,Radical Right,1.5,6.3333335,8.090909,9.083333,9.833333,9.545455,5.2222223,8.833333,7.5999999,8,5,9.8000002,6.5999999,7.1999998,2.75,6.8571429,9.5,6,5.5714288,8,6,9.333333,9,2.8,9.75,4.5,1,1.3333334,7.5
Netherlands,1018,PvdD,Green,3.5,2.2727273,2.25,1.5,2.4000001,3.3,4.2222223,0.5,2.2,1,1.7142857,1.6,1.8,1.6,0.2,2.2,1.5,2.3333333,3.1428571,7.5,6,2.4000001,0.5,1,1,2,3,2.5,4
Netherlands,1051,FvD,Radical Right,1.0833334,8.8000002,9.833333,9.833333,9.916667,9.727273,7.125,9.833333,7.8000002,7,8.166667,9.1999998,8.1999998,8.666667,7.4000001,6,10,6.6666665,5.1666665,4,6.6666665,9.166667,8.5,3.2,9.75,5,1,1,8
Netherlands,1052,Volt,Liberal,7,4.6999998,1.0909091,4.5454545,2.090909,2.2,4.5555553,0.83333331,3.8,5,4.4285712,2,1.2,1,0.2,1.4,1.5,4,1.5714285,2.3333333,6.3333335,1.3333334,0.5,1.8,1,2.5,7,7,2
Netherlands,1054,BBB,No family,2.5833333,7,7.6666665,7.75,7.9166665,7.6363635,6.2222223,8.666667,7.1999998,6,6.4285712,7.4000001,6,6.4000001,3.6666667,5.8333335,6.5,5.3333335,9.875,8.666667,2.3333333,8.3999996,2.5,1.8,5.5,4.5,2.6666667,4,5
Netherlands,1056,NSC,Christian-Democratic,4,6,6.6666665,6.5833335,7.1666665,7.181818,4.3000002,5.8333335,5,6,5.1428571,7.1999998,5,5.1999998,3,7.2857141,6,5.6666665,7.8571429,6.3333335,4.3333335,2.8,0.5,3.8,5.5,1.5,3.25,5.5,3.5
United Kingdom,1101,CONS,Conservatives,1.7619047,7.4285712,7.1428571,7.6666665,8.2857141,7.1578946,7.1500001,5.4545455,5.9000001,7.1666665,7,7.5,5.3076925,5.4545455,2.7777777,5.1428571,5.6363635,7.5454545,7,4.181818,6.4000001,6.5,4.2857141,2.5999999,4.1538463,3.8888888,1.1666666,2.25,1.1666666
United Kingdom,1102,LAB,Socialist,4.4285712,3.6190476,3.3333333,3.8095238,5.0952382,3.3157895,3.55,3,2.8,3,4.1333332,4.625,2.3846154,2.6363637,0.77777779,3.5714285,2.3636363,3.5454545,2.7777777,3.4545455,2.8,4.5,1.4285715,6.5999999,2.6923077,2.5555556,3.8333333,4.25,1.5
United Kingdom,1104,LIBDEM,Liberal,5.7619047,4.2857141,1.7619047,3.8571429,3.3809524,2.8421052,3.6842105,2.090909,2.3,2.75,4,2,2.1666667,1.6363636,0.66666669,2.4000001,2.5454545,2.1818182,4.6666665,2.7,2,2.7142856,1,7,2.2307692,5.3333335,5.1999998,5.75,2
United Kingdom,1105,SNP,Regionalist,6.3684211,3.1111112,2.8235295,3.3157895,2.6428571,2.3846154,2.8125,3.2222223,3,2.5,3.5999999,4.25,2.3,1.8571428,0.85714287,2.8,2,4.7777777,4.8571429,4.2857141,0.16666667,4,2.4000001,4.75,1.7,6,6,6.25,1.75
United Kingdom,1107,GPEW,Green,6.1500001,2.0999999,1.45,2.05,2.7368422,1.9375,2.2777777,0.18181819,0.55555558,1.4,2.0833333,2,2,0.72727275,0.42857143,1.5,1.625,1.6363636,5.1428571,5,1.5,2,0.66666669,6.3333335,2.6666667,5,5.25,5.25,4.5999999
United Kingdom,1110,REF UK,Radical Right,1.0476191,8.3888893,9.1000004,9.2380953,9.8095236,9.3684206,8,8.181818,8.5555553,7.5999999,7.181818,9.7142859,7.0769229,7.818182,6.375,5.6666665,8.272727,9.818182,5.75,6.090909,9,9.666667,6.6666665,6,6.8461537,6.5555553,1,1,3.75
Portugal,1201,CDU,Radical Left,2,0.60000002,3.5,1.1818181,3,2.875,1.1,4,4.4000001,0.80000001,1.1666666,2.1666667,2.2,3.8,2.3333333,0.66666669,2.75,4.75,5,7.75,3.2,4,3.2,8.5,0.5714286,4.25,2.25,1,7
Portugal,1202,CDS-PP,Conservatives,6.4545455,7.3636365,8.090909,7.6363635,7.3636365,8.4444447,6.3000002,5.8000002,5.5999999,7.8000002,5.8333335,7,4.4000001,8.8000002,6.1666665,8.166667,8.25,7.5,7.4000001,5.25,6,6,2.8,9,1,2.75,4.25,5,2
Portugal,1205,PS,Socialist,7,4.181818,2.8181818,4.181818,2.4545455,2.7777777,2.5,1.4,4,2.5999999,2.1666667,1.8333334,1.8,0.80000001,1.5,2,3,1.5,4.1999998,4,3.2,4,3.8,8.5,0.42857143,2.75,5.75,6,5
Portugal,1206,PPD/PSD,Liberal,7,6.7272725,6.7272725,6.909091,6,6.1111112,5,2.8,4.5999999,8,5.8333335,6,3.2,5.5999999,4.5,5.8333335,6.75,4.5,6,3,4,5,2.2,9,0.71428573,2.25,5.5,6.5,2.3333333
Portugal,1208,BE,Radical Left,3.6363637,1.2727273,0.72727275,1.3636364,1.3636364,1.2222222,0.69999999,1,3.4000001,1,0.16666667,0.66666669,0.60000002,0,0.66666669,0.33333334,1.75,1,3.2,8,2.8,3,3,8,0.42857143,4.5,2.5,2.5,8.333333
Portugal,1250,PAN,Green,6.125,3.4000001,1.6666666,3.4000001,2.625,1.8333334,2.625,0.40000001,4.25,3.6666667,1,1.6666666,1.6,0.75,1.5,0.33333334,1.3333334,2.25,5.5,7.25,3.75,2.5,1,7,0.5714286,4,4,3.5,8
Portugal,1251,L,Green,6.5,3.4000001,1.3333334,3.3,2.5,1.875,2.3,1,4,2,0.5,0.80000001,1.4,0,1,0.5,1.6666666,1.75,2.5999999,5.3333335,3.25,1.25,0.66666669,7.5,0.42857143,5,5,3,8
Portugal,1252,IL,Liberal,6.0999999,8.090909,3.3636363,6.909091,3.5555556,4,7.9000001,5.8000002,4.5,9,9.166667,0.5,2.4000001,1,3,1.6,3.5,2.25,2.5,2,3.6666667,3,0.75,8.5,0.71428573,2,4.5,7,2
Portugal,1253,Chega,Radical Right,3.2727273,8.090909,9.636364,9.272727,9.727273,9.7777777,6.5999999,7.8000002,5.5,7.8000002,6.75,10,7,10,8.833333,8,9,9.25,6,7,8,7.5999999,4.5,9,7.7142859,4.75,1.75,2.5,2.6666667
Austria,1301,SPO,Socialist,6.0833335,2.75,4.0833335,3.1666667,5.0833335,5,3,4.8333335,4.1666665,2.6666667,2.3333333,4.5,2.125,1.8,3,1.4285715,3.8,3.8571429,3.4000001,6.2222223,4.3333335,4,2.5999999,5.4000001,3,2.4000001,3.6666667,4.6666665,6
Austria,1302,OVP,Christian-Democratic,5,7,7.25,7.1666665,8.25,8.25,6,6,6.3333335,7.6666665,6.6666665,8.5,5.25,6.5999999,7.1428571,6.5714288,6,6.5714288,8.3999996,4.8888888,1.3333334,5.5,4.8000002,2.5999999,7.3333335,2.8,4.25,5,4.25
Austria,1303,FPO,Radical Right,1.9166666,6.5833335,9.5,9.333333,9.833333,10,5,8.666667,8,7.3333335,6.125,10,7.625,8.3999996,8.7142859,6.8571429,9.1999998,10,7.5999999,8.5555553,4,7.8333335,7.5999999,5.1999998,9,9,1,2.3333333,9.25
Austria,1304,Grune,Green,6.4166665,2.6666667,1.5833334,2.6666667,3.0833333,2.75,3.3333333,0.16666667,1.6666666,2,3.2222223,2.75,0.5,0,0,0.85714287,1,0.42857143,3.2,5.8888888,5,3,0.2,8.3999996,1,3.4000001,4.25,5,3.75
Austria,1306,NEOS,Liberal,6.9166665,7.5,2.25,5.8333335,4.3333335,4.0833335,6.181818,3.1666667,3.1666667,8,9.1111107,3,1.75,0.2,1,1.2857143,2.5999999,1.1428572,2.5999999,2,4.6666665,3.3333333,0,8.6000004,2,2.4000001,6.25,7,1.25
Finland,1401,SDP,Socialist,6.181818,3.1818182,2.909091,3.5454545,3.4545455,4.090909,2.6363637,3.5999999,3.1666667,2.625,4,3.5,2.8333333,2,1.5,2.4000001,3,3.2,3,5.6666665,5.2857141,3.4000001,1,7,1.25,1.75,5,6,1.75
Finland,1402,KOK,Conservatives,6.2727275,8,5.2727275,7.818182,4.6363635,5.6363635,6.909091,5,5.3333335,8.625,8.333333,5.75,3.8333333,3.8,3.3333333,4.8000002,5.5,2.8,2.5,3.3333333,7.1428571,3.8,1.4,5.5,2.5,1,5,6.4000001,1.25
Finland,1403,KESK,Agrarian/Center,4.818182,5.818182,6.4545455,5.7272725,5.6363635,6.2727275,5.090909,5.8000002,5.5,5.25,5.3333335,5.5,3.8333333,5.4000001,5.6666665,6.4000001,5.8333335,5.8000002,9.166667,6,2.2857144,3.5999999,1.8,6,2.5,1.75,3.5,4.4000001,1.5
Finland,1404,VAS,Radical Left,5.5454545,1.6363636,1.3636364,1.5454545,1.9090909,2.1818182,1.2727273,1.4,1.5,1.25,2.3333333,2,2.1666667,1.2,0.33333334,1.2,1.6666666,2.5999999,3.1666667,6.3333335,4.7142859,3.2,0.80000001,7,0.5,5,5,5.5999999,3
Finland,1405,PS,Radical Right,2.4545455,8.181818,8.909091,8.181818,9.363636,9.636364,7,8.3999996,8.166667,8.625,7.3333335,8,6,9,8.666667,7.1999998,9.333333,8.6000004,6.1666665,5,6.2857141,5.4000001,5.8000002,7,8.75,5.5,1.5,2.4000001,1.75
Finland,1406,SFP/RKP,Regionalist,6.5454545,7,3.090909,6.3636365,3.1818182,3.1818182,5.7272725,4.1999998,4.3333335,6.375,6.6666665,4.75,2.5999999,3,1.5,4.5999999,2.3333333,3.2,4.8333335,5.5,4.2857141,3.4000001,1,7.5,1.25,2,4.5,6.8000002,1.75
Finland,1408,VIHR,Green,6.3636365,4.090909,0.81818181,3.909091,1.2727273,1.8181819,3,0.80000001,0.5,3.125,4.3333335,1.5,2.1666667,0.80000001,0.16666667,1.4,1.5,1.6,1.5,5,4.7142859,2.8,0.80000001,7.5,0.25,3.75,4.5,6.5999999,2
Finland,1409,KD,Confessional,4,7,8.818182,7.5454545,7.181818,8.090909,5.6999998,6.4000001,5.8000002,6.875,5,6.5,5,9,10,9.3999996,6.8333335,7.1999998,5.8333335,6,5.4285712,3.5999999,3.4000001,6,3.3333333,2.25,3,3.75,1.75
Finland,1410,Liik,Liberal,4.5999999,8.1000004,4.8571429,7.5555553,5.5714288,5.5999999,7.25,6,5.75,8.166667,8.333333,6.25,4.3333335,4.6666665,5.3333335,5,4.6666665,3.5,2.25,3,5.75,3.3333333,2.25,7,3,4,4,5,2
Sweden,1601,V,Radical Left,3.3157895,1.8947369,2.4210527,1.5789474,3.0526316,2.1578948,1.3684211,2.2222223,1.4,0.5,0.86666667,2.0999999,1.5555556,1.125,0.33333334,1.6666666,2.25,2.0999999,4.8888888,5.5555553,5,3.8333333,2.5,1.7777778,1.7142857,3.9166667,2,4,4.3333335
Sweden,1602,SAP,Socialist,5.7368422,3.6842105,4.7368422,3.7368422,6.9473686,5.4444447,3,3.1111112,3.7,2.5,3.6666667,6.4000001,2.1111112,2.375,1,3,5.25,4.5,4.8888888,3.4444444,5.2857141,4.1666665,1.125,2,2.7142856,0.91666669,3.5999999,6.1111112,1.6666666
Sweden,1603,C,Agrarian/Center,6.1052632,7.8421054,2.9473684000000002,5.9473686,3.4210527,3.3157895,6.5789475,2.8888888,2.5,7.5,8.5333338,3.0999999,2.4444444,1.25,0.8888889,2.5,3.090909,2.9000001,6.7777777,1.2222222,4.2857141,4.3333335,1,1.7777778,2.1428571,2.5454545,4.4000001,6.4444447,2.6666667
Sweden,1604,L,Liberal,6.8421054,7.3157897,4.4736843,6.7368422,6.7894735,6.1578946,6.2631578,4.1111112,6.1999998,6.75,7.3333335,5.6999998,2.8888888,2.125,1.2222222,2.6666667,5.5454545,3.9000001,3.875,1.4444444,4.7142859,4.5,1.125,1.5555556,4.2857141,1.3636364,5.1999998,6.7777777,0.66666669
Sweden,1605,M,Conservatives,5.7368422,7.8947368000000004,6.4736843,7.5789475,8.4736843,8.0526314,7.3157897,6.1111112,7.5999999,8,8.2666664,8.6999998,4.8888888,3.75,2.625,3,7.181818,7.0999999,3.6666667,2.2222223,5.7142859,5.1666665,1.125,1.4444444,5.2857141,0.91666669,4,6.3333335,1
Sweden,1606,KD,Christian-Democratic,5.352941,7.2631578,7.7894735,8,8.2631578,8.5789471,6.5789475,5.8888888,7.4000001,6.5,6.8000002,7.9000001,6.1111112,5.75,5,6.3333335,6.909091,7.1999998,5.3333335,3.5555556,5.8571429,5.1666665,2.125,1.5555556,7.4285712,2.2727273,3.2,5.8888888,3
Sweden,1607,MP,Green,5.3157897,3.1578948,1.9473684,2.7368422,2.1578948,1.4736842000000001,2.8947368,0.375,0.1,2.75,3.4666667,1.6,1.7777778,1,0.44444445,1.8333334,1.8181819,1.7,4,4.25,4.4285712,3.3333333,1,1.8888888,1.1428572,5.6666665,3,5.3333335,5.3333335
Sweden,1610,SD,Radical Right,2.6842105,6.3157897,9,8.5263157,9.9473686,9.8947372,5.3684211,8.1111107,9,5.5,4.5714288,9.3000002,5.7777777,6.75,5.1111112,3.5,9.416667,9.5,7.1111112,6.25,5.2857141,6.1666665,4.5,2.4444444,9.1428576,5.3333335,1,3.6666667,5.6666665
Bulgaria,2002,SDS,Radical Right,6.5185184,7.3076925,6.0799999,7,6.4761906,6.1904764,6.0833335,5.6363635,4.9000001,5.4615383,6.818182,4.8461537,4,6.3333335,7.0714288,5.090909,3.6363637,4.5999999,3.5,3.3888888,6.1666665,5.4000001,4.8333335,3.8,1.6666666,3.0833333,5.875,6.8000002,2.5714285
Bulgaria,2003,BSP,Socialist,4.4285712,2.8928571,8.1538458,3.6800001,7.9583335,7.3809524,3.0769231,7.5833335,6.181818,4.0666666,2.909091,6.7857141,4.5,9,9.1764708,5.25,5.2727275,7.7272725,6.2142859,8.1764708,5.7142859,5.6363635,4.9166665,5.8000002,2.0999999,5.1666665,2.6666667,4.5999999,8.125
Bulgaria,2004,APS,Liberal,5.9629631,4.7600002,5.52,4.8333335,4.9545455,2.8181818,4.7199998,4.5,4.2727275,4.25,4.7272725,4.6428571,4.3000002,7,6.75,5,1.0769231,3.3,7.3571429,5.6666665,4.1428571,4.6363635,5.5454545,3.4000001,1.3,3.5,4.4444447,6.4000001,4.25
Bulgaria,2010,GERB,Conservatives,6.4285712,6.6428571,6.4230771,6.4400001,6.3333335,6.0434785,5.9615383,5,5.0833335,5.4666667,6.181818,5.7857141,3.5454545,6.1111112,7.5,5.25,3.6666667,5.090909,4.6428571,4.352941,7.2857141,6.4545455,5.8333335,3,1.9,3.4166667,5.4444447,6.8000002,3.375
Bulgaria,2018,DB,Green,6.9285712,6.7857141,3.4230769,6.2800002,4.9583335,3.6666667,6,2.5,2.9166667,4.8000002,6.909091,2.6428571,2.4545455,2.4444444,5.0666666,3.5454545,2.2727273,2,1.8461539,2.6875,3.8571429,2.3636363,0.92307693,9.8000002,1.3,2.25,5.8888888,6.8000002,2.25
Bulgaria,2019,ITN,Radical Right,4.3703704,5.1111112,8,6.6399999,8.608696,7.8499999,5.5,7.5,6.5555553,5.6666665,5.1999998,7.5384617,5.375,8.666667,8.7647057,5.25,7.6666665,7.0999999,4.8333335,7.7058825,6,6.1999998,4.3636365,7,3.5,8.6923075,2.5555556,4,6.125
Bulgaria,2020,Vazrazhdane,Radical Right,1.4642857,3.8399999,9.6923075,8.1999998,9.5600004,9.652174,3.5714285,9.083333,7.5999999,4.4615383,3.5,9.2857141,7.4000001,10,9.5882349,6.75,9.5384617,9.909091,6.2307692,8.7894735,6.3333335,8.181818,6.090909,5.4000001,5.6999998,8.3846149,1.2222222,1.5,9
Bulgaria,2021,PP,Green,6.8928571,5.1071429,3.1923077,5.1199999,4.625,3.7083333,4.6153846,2.6666667,3,4.4666667,5.4545455,2.5714285,2.090909,3,4.6666665,3.8,2.6666667,2.2727273,2.3846154,2.8823528,4,3.090909,1.1538461,9.8000002,1.2,2.5833333,5.7777777,6.8000002,2.5
Bulgaria,2022,DPS - Novo nachalo,Liberal,5.814815,5.4583335,5.9565215,5.25,5.6111112,3.2631578,4.9166665,4.2727275,4.875,4.3333335,5.1999998,6,3.5,6.875,7.181818,4.7777777,0.75,3.5555556,7.3571429,5.5625,4,6.3000002,7.3636365,2,1.2,3.75,4.5,6.4000001,3.625
Bulgaria,2023,MECh,Radical Right,3.2272727,4.1333332,8.458333,5.8947368000000004,8.8500004,8.7894735,4.5,7.375,7.6666665,6.375,3.4285715,8.6923075,6.5714288,8.375,9.3076925,5.3000002,7.818182,8.5555553,5.5999999,8.7142859,6,8.1111107,6.5555553,7.5999999,3.5555556,7.5,2.2857144,2.3333333,6.75
Bulgaria,2024,Velichie,Radical Right,2.7692308,4.2352943,8.826087,6.3000002,8.9523811,8.9499998,4.5294118,8.2857141,7.5,5.6666665,4.5,8.7692308,6.3333335,9.5,9.0714282999999991,6.2727275,8.727273,8.6999998,7.7272725,8.8235292,6,8.25,6.5555553,7.1999998,4.1111112,8.272727,2.1428571,2.5,7.875
Czech Republic,2101,SOCDEM,Socialist,5.0731707,2.390244,4.7837839,2.7692308,5.9411764,5.967742,2.090909,5.7647057,4.8000002,3.1176472,2.7333333,5.1111112,2.5833333,4.5625,3.6875,2.125,4.1875,5.2105265,5,6.5882354,5.1666665,4.9166665,2.5294118,4.5,2.6111112,4.4761906,3.5999999,4.5999999,6.0999999
Czech Republic,2102,ODS,Conservatives,4,7.2439022,6.5121951,7.125,7.1282053,7.647059,7.1714287,7.1111112,6,6.352941,6.875,5.5263157,5.8571429,6.2222223,6.3888888,4.5333333,6.3125,6.5,3.3076923,3.8499999,6.5384617,5.3333335,3.0588236,4.25,3,1.7272727,2.5833333,5.9166665,1.3333334
Czech Republic,2103,KSCM,Radical Left,1.4772727,0.75609756,8,1.0789474,9.333333,8.9444447,1.5,8.5,8,2.9411764,1.1333333,8.6842108,5.6923075,7.7222223,7.9375,0.82352942,7.4375,8.75,6.3076925,8.9473686,7.818182,7.5,5.9333334,4.181818,5.1111112,5.6500001,1,2.6666667,9.166667
Czech Republic,2104,KDU-CSL,Christian-Democratic,5.909091,5.3658538,7.8499999,6,6.5135136,7.1944447,4.742857,5.2222223,4.647059,4.4705882,5,5.8947368000000004,5.0714288,8.2222223,8.4444447,8.166667,6,5.9499998,7.4666667,5.5500002,4.2666669,4.0833335,2.1764705,4,3.6666667,3.3636363,4.8333335,5.0833335,2
Czech Republic,2109,TOP09,Conservatives,6.4878049,7.2926831,4.2439022,6.875,5.1025643,5.3611112,6.9705882,4.4117646,3.5882354,6.4705882,6.75,3.6842105,3.6428571,2.9444444,3.1666667,4.4375,4.3125,3.4000001,2.8571429,3.05,5.0769229,3.5833333,1.2941177,4.8333335,2,2.590909,5.8333335,5.9166665,1.25
Czech Republic,2111,ANO2011,No family,3.0681818,3.8,6.9499998,4.2162161,8.8461542,8.583333,3.8,7.4444447,7.6666665,5.4375,4.7333331,6.9473686,6.2142859,6.5555553,5.8823528,2.6923077,7.5333333,7.8499999,6.6923075,6.7368422,7.2727275,8.083333,4.2352943,4.5454545,4.4444447,5.0999999,1.7272727,4.9166665,6.5833335
Czech Republic,2114,Pirates,Green,6.409091,4.4358974,1.5853659,4.1999998,3.3157895,3.1142857,4.40625,2.3333333,2.4705882,3.5882354,5.0666666,1.8888888,1.6428572,0.8888889,1.1111112,1.5294118,2.4117646,1.6,2.6153846,3.3157895,3.5714285,3,1.0588236,7.1666665,1.7777778,6.2857141,5.7272725,6.25,1.8333334
Czech Republic,2115,SPD,Radical Right,1.1136364,4.1025643,9.439024,8.75,9.9230766,9.7567568,4.3235292,8.833333,8.833333,5.3571429,4.8461537,9.1578951,7.6153846,9.333333,9.5,4.1538463,9.7647057,9.8500004,6.1666665,8.9499998,8.25,8,5.4000001,5.5454545,8.6111107,8.045455,1,3.3333333,8.545455
Czech Republic,2116,STAN,Liberal,6.6428571,5.8499999,4.0500002,5.8000002,5.0810809,5.1111112,5.8000002,4.0588236,3.5882354,5,6,3.7894738,3.5714285,2.5,3.1666667,3.1333334,4.5714288,3.2,6.2857141,3.7222223,2.5333333,3.4166667,1.7647059,4.8333335,1.9444444,3.409091,5.5,6,1.5833334
Czech Republic,2117,Přísaha,No family,2.2439024,5.8400002,7.5483871,7.6666665,9.1764708,9.0370369,5.6666665,7.9375,8.416667,5.5999999,5.4444447,8.833333,6.875,8.2222223,7.7142859,3.3333333,8.6153851,8.4375,4.8333335,7.1111112,7.25,8.25,5.4444447,7,6.1666665,7.1538463,1.4545455,3,7.375
Czech Republic,2118,MOTO,Radical Right,1.5813954,7.4230771,8.25,8.4117651,9.454545,9.4615383,7.3157897,9.0588236,9,7.3000002,6.5,8.1428576,7.75,8.416667,8.7142859,3.3333333,9.166667,9,3.5555556,6.2222223,7.1666665,8.5714282999999991,6.5,6.1428571,6.8000002,6.3636365,1.1818181,3.5,9
Estonia,2201,Isaama,Conservatives,4.9473686,7,7.5789475,7.7894735,8,8.3684206,6.7647057,6.5555553,5.2222223,7.2222223,6.25,7.2142859,7.6666665,7.875,8,6.9000001,8.333333,7.4285712,5.6999998,4.875,5.75,5.8333335,2.875,6.5,3.8571429,5.375,4,5.3333335,0
Estonia,2202,EK,Liberal,4.8000002,3.6666667,5.6111112,4.1666665,5.1875,3.6666667,2.8125,5.7777777,5.125,3.8888888,2.8571429,5.0833335,4.6666665,6.4285712,6,4.1999998,2.2,4.3333335,4.8000002,5.625,4,4.8000002,3,7,0.83333331,4.5714288,4.1666665,5,3.25
Estonia,2203,ER,Liberal,6.5999999,7.3684211,2.4736843,6.6315789,4.1111112,5.5263157,6.9411764,2,4.5555553,5.4444447,7.25,3.2857144,3.3333333,3.375,2.3333333,4.2222223,5.5,4.2857141,1.6,1.375,7.1428571,7.1666665,1.625,6,1,2.375,5.7142859,6.8333335,0
Estonia,2204,SDE,Socialist,6.6999998,3.2631578,1.8421053,3.2105262,3,3.2631578,2.3125,2.4444444,3.6666667,3,3.25,3.0714285,2.3333333,1.875,0.8888889,3.2,2.6666667,2.8571429,4.1999998,3.8571429,4,4.8333335,1,6,1.1428572,3.625,5.5714288,6.1666665,0
Estonia,2209,EKRE,Radical Right,2.3499999,5.8421054,9.2631578,8.9473686,9.6111107,9.0526314,5.352941,9,7.1111112,6.875,4.625,8.4285717000000009,9,9.625,9.666667,6.9000001,8.833333,8.4285717000000009,8.1999998,7,4.2857141,4.8333335,6.25,7.5,5.7142859,7,1.8571428,2.4000001,4.75
Estonia,2210,E200,Liberal,6.4000001,7.1052632,2,6.2631578,3.3529413,4.3888888,6.125,2.7777777,4.4444447,5.4444447,6.25,2.9230769,3.3333333,1.875,1.3333334,3,3.5999999,3.1428571,1.8888888,2.5714285,6.375,6.5999999,1.125,6,1.4285715,3.375,5.2857141,6.6666665,0.25
Estonia,2211,Parempoolsed,Liberal,5.5333333,8.625,3.875,8,4.5384617,5.8333335,8.4615383,4.6666665,5.8000002,8.875,8.7142859,4.6666665,6,4.75,5.6666665,4.5,4.6666665,4.1999998,2,2.25,6.1666665,6.6666665,2,8,2.3333333,4.25,5,6,0.66666669
Hungary,2301,MSZP,Socialist,6.3888888,2.8235295,3.75,3,4.5999999,4.9166665,2.5294118,4.25,4.8571429,2.8888888,4.3333335,4.5999999,2,3.1111112,3.875,1.5454545,3.5999999,4,3.2727273,5.5,3.3333333,3.8,1.5555556,5.6666665,0,3.3333333,5,6.25,2
Hungary,2302,Fidesz-KDNP,Radical Right,2.8947368,3.7058823,9.2777777,8.6111107,9.7777777,8.7333336,5.4705882,7.3333335,6.3333335,6.8000002,3.2,9.5714282999999991,7.6363635,9.8888893,10,8.818182,5.1999998,10,8,7.181818,8.5,9.5,8.3999996,1.25,4,3.1666667,1.5,5,10
Hungary,2308,JOBBIK,Radical Right,4.4210525,4.7142859,6.8125,6.4705882,7.4000001,7.5833335,4.5384617,5.7142859,5,3.7142856,4.4000001,7.7142859,6,7,7.75,6.3333335,4.75,6.1666665,6.1428571,6.1111112,4.5,4.8000002,3.375,6.625,1,4,3.6666667,5,3
Hungary,2309,LMP-MZP,Green,5.1999998,3.6153846,3.0714285,3.7857144,4.4166665,4.3333335,3.25,0.5714286,1.6666666,2.5714285,4.75,2.8,1.2222222,2.2222223,2.5714285,1.4444444,2.5,3.2857144,3,5.8888888,1.8333334,2.75,0.75,8.1428576,0,6.75,4,5.5,2
Hungary,2311,DK,Socialist,6.7777777,4,3.3333333,4.2777777,4.4444447,4.6666665,3.7647059,3.625,4.2222223,3.3333333,5.5,4.8571429,1.7272727,2.3333333,3.2222223,1.3636364,4.5,2.4285715,2.4545455,4,3,3.6666667,1.7,7,0,3.8333333,5.8888888,6.25,3.5
Hungary,2314,Momentum,Liberal,6.7777777,5.2222223,1.4444444,4.1666665,2.1111112,2.4375,4.7058825,0.8888889,2.4444444,4.0999999,8,1.5714285,0.90909094,0.55555558,0.77777779,0.81818181,2.5,1.4285715,1.3636364,3.2727273,1.1666666,0.83333331,0.30000001,8.75,0,6.1666665,6.375,6.25,1.5
Hungary,2315,MKKP,No family,5.4705882,3.7142856,1.3333334,3.5,2.7647059,3.1333334,4.0666666,1.8888888,3,3,5,2.2857144,1.3636364,1.4444444,0.875,0.36363637,0.5,2,1.8,3.5555556,1,2,0.77777779,8,0,6.1666665,5.1428571,6.25,4.5
Hungary,2316,MHM,Radical Right,2.1111112,4.625,9.5294113,9.2941179,9.6470585,8.5,5.1333332,6.7142859,5.4444447,4.7142859,2.5,10,7,9.2222223,10,8.6000004,5.1666665,10,7.5999999,7.6999998,5.5999999,9,7.2222223,5.5,6,4,1.3333334,3,8.5
Hungary,2318,Tisza,Christian-Democratic,5.4705882,5.4666667,5.25,6.1666665,6.6666665,5.3636365,4.75,3.2,4.3333335,3.4285715,6.4000001,5.2857141,3.25,4.5,5.4285712,4.8000002,4,6,4.5454545,5.125,3,1.5,0.89999998,9.25,0,6.5,4.5,6.3333335,4
Latvia,2402,LKS,Radical Left,3.3181818,2.6111112,8.25,2.8666666,4.5,2.1818182,2.6153846,7.5999999,4,4.25,5.3333335,5,3.75,5.5999999,8.5714282999999991,5,0.81818181,4.5555553,4.25,4,2.3333333,4.8571429,1,2,1.875,5.25,1,5.1999998,9.5714282999999991
Latvia,2405,ZZS,Green,5.3200002,5.4000001,6.9583335,5.7727275,6.9047618,7.2777777,5.2777777,5,4.25,4.6666665,4.125,6,3.8888888,6.6666665,6.4000001,4.5,4.5999999,7,6.3333335,6.6666665,3.8181818,6,2.3333333,6,2.9166667,4.375,5,5,2.4285715
Latvia,2410,Saskana,Socialist,4.8400002,3.28,6.4761906,3.2857144,5.0588236,3,2.9375,6.6666665,4.4285712,4.2222223,5.2857141,5.3333335,2.6666667,5.125,6.5,4.125,0.90909094,4.181818,3.5714285,4.4000001,3.2857144,5.25,1.8571428,5,2.3636363,5.7142859,4.6666665,5.8333335,7.5714288
Latvia,2412,V,Liberal,6.8333335,6.1199999,3.625,5.9545455,5.7142859,6.2105265,5.7222223,3.8888888,3.25,4.8000002,4.25,5.1999998,1.5555556,3.25,2.909091,3.4285715,5,5.9000001,3.7142856,3.2,6.2727275,4.625,2,7,1,2.5555556,6.1666665,6.5714288,0.42857143
Latvia,2414,AS,Regionalist,5.5833335,5.9166665,6.8095236,6.1428571,6.7894735,7.647059,5.8823528,5.3333335,4.125,4.8000002,5.5,6.6666665,3.875,6,7,4.1428571,6.0999999,7.090909,6.1428571,6.3333335,3.5999999,6.125,2.3333333,5.6666665,3,4.375,4.6666665,5.1428571,0.33333334
Latvia,2417,AP!,Liberal,6.7199998,5.7199998,3,5.181818,3.6666667,4.2222223,4.8235292,3.2222223,4.1111112,4.6666665,5,3.4285715,1.2222222,3.1111112,1.0909091,3,4,2.9000001,3.3333333,4,6.125,3,2,6.5,1.5,3.3333333,6,7,0.71428573
Latvia,2418,S!,Regionalist,3,3.3913043,8.347826,4.25,6.3571429,3.2727273,4,6.5714288,5.1999998,6,5.1999998,5.625,4.375,6,8.3000002,4.4285712,1.1818181,5.090909,3.5714285,5.4000001,3.5714285,5.875,2.8333333,5.3333335,2.3333333,7.2222223,3.3333333,4.3333335,9.166667
Latvia,2419,LPV,No family,3.5,6.0869565,8.636364,6.6842103,6.625,4.5,6.6666665,6.1428571,5.8571429,7.1111112,6.5714288,6.6666665,6.1111112,7.375,8.6999998,7.75,3,6.1999998,4.8571429,4.1666665,5.6666665,7.75,3.5,5,3.7777777,7.4285712,2.8333333,5.1428571,7.8000002
Latvia,2420,Progresivie,Green,6.8800001,2.72,1.173913,2.6818182,2.5714285,3.1500001,2.1052632,2.4444444,2.1111112,2.6666667,3.5555556,3,0.44444445,1.8888888,0.18181819,2.5,3.4545455,1.9090909,3.2857144,3.2,6,2.5,1.5714285,5.3333335,1.75,4.75,6.5,6.4285712,0.85714287
Lithuania,2501,LSDP,Socialist,6.5789475,3.6111112,5.1764708,3.7058823,5.1875,5.3846154,3.0714285,4,4.7142859,2.8888888,3.5999999,4.1666665,3,4.625,5.6666665,2.625,4.3333335,5.4000001,5.875,4.6666665,5,5,1,4.1999998,3.3333333,3.2222223,5.1999998,6,2
Lithuania,2506,TS-LKD,Conservatives,6.7894735,5.8333335,5,6.4705882,5.4375,5.7857141,5,4,4.3333335,3.6666667,5.5999999,4.8333335,3.4285715,3.625,5.3333335,6,3.75,5.4000001,3.7777777,4,5.5,4.75,0.85714287,5,4.3333335,2.4444444,4.8000002,6,0.40000001
Lithuania,2507,LVZS,Agrarian/Center,5.0555553,3.8823528,8.4705887,6.4166665,7.0666666,7.4166665,4.3333335,6.8333335,7,4.625,4.1999998,6.5,6.75,8.125,9.166667,6.5,6.5,8.1999998,8.8888893,7,6.3333335,6.5,2.5999999,6,3.3333333,6.1111112,2.75,6,3.5
Lithuania,2511,LLRA,Regionalist,4.4210525,3.4666667,9.0588236,7.0666666,7,6.6999998,3.8888888,6.6666665,5.5,3.625,4.6666665,6.5999999,7.875,8.5,9.666667,8.5,0.60000002,7.8000002,8.25,6.3333335,5,5.6666665,2,4.1999998,4,7,2.6666667,6,5.25
Lithuania,2518,LS,Liberal,6.7894735,7.6666665,2.7058823,6.5625,4,4.3846154,7.3571429,3.6666667,3.8571429,7,8.1999998,3.1666667,1.875,1.75,3.5,2.125,3.6666667,4,3.7777777,3.3333333,2.6666667,4.5,0.2857143,5,3.6666667,3,5,5.5,0.80000001
Lithuania,2524,Laisvės,Liberal,6.7894735,8.0555553,0.64705884,6.2666669,3.3125,3.2857144,8.0714282999999991,2.5,2.1428571,7.3333335,8.3999996,2,0.875,0.375,1,1.125,2,3.4000001,1.5555556,2.5555556,2.6666667,4,0.42857143,5.1999998,3,2.4444444,5,6,0.80000001
Lithuania,2525,PPNA,No family,4.2941175,4.1428571,8.5,7.8000002,8.1999998,7.8333335,3.6363637,7,6.1999998,4.5714288,3.5,6.8333335,7,7.4285712,9.333333,6,6.6666665,7.5,8.1111107,6.75,5.3333335,7.6666665,3.75,8.6000004,3.6666667,8.1111107,2.25,6,5.25
Lithuania,2526,DSVL,Green,6.3157897,4.6666665,5.0588236,4.5882354,5.6666665,5.6153846,4.3076925,4.5,4.4000001,4.1111112,4.75,5.1666665,3.5,5.625,5.3333335,4.125,4.5,5.25,5.2222223,4.625,5.6666665,5,1,5.1999998,3.3333333,3.7777777,4.75,5.5,1.6
Lithuania,2527,NS,Radical Right,3.4444444,4.375,9.4117651,8.6875,9,9.5,3.909091,7.4000001,5.8000002,4.3333335,3.5,7.6666665,7.25,8.5,9.8000002,8.1428576,8,9.1999998,6.125,7.4285712,4.6666665,8,3.3333333,7.5999999,6,8,1.6,6,1.75
Lithuania,2528,PLT,Liberal,5.1875,5.7857141,6,6.0714288,6.4545455,5.75,5.4000001,4.5,5,5.5,5.5,4.5999999,4.3333335,4.75,6,4.5,4,5.3333335,4.25,4.1666665,4.6666665,5,2.3333333,4.75,5,5.1666665,3.5,6,1.5
Poland,2601,Nowa Lewica,Socialist,6.8965516,2.3214285,1.75,2.4074075,3.1481481,3.0833333,2.3703704,2.3076923,1.8571428,1.9230769,3.3846154,2.0666666,0.80000001,0.60000002,1.6666666,1.2,1.6,1.5625,3.0999999,4.4166665,3,2.7142856,1.2631578,6.5999999,1,5,5.7777777,5.8888888,3.2857144
Poland,2603,PO,Christian-Democratic,6.6333332,6.1724138,3.6551723,4.9285712,7,5.9583335,5.3928571,3.6428571,3.5714285,5.4615383,6.7142859,3.125,2.5833333,3.2,3.4615386,3.7,3.2,3.5625,2.090909,3.0769231,3.5714285,3.8571429,1.55,6.8000002,2.6666667,3,4.8000002,6.4000001,2.1428571
Poland,2605,PiS,Radical Right,3.0999999,2.5172415,8.4482756,7.6428571,8.75,9.1599998,2.6071429,8,7.7142859,3.6923077,3.7142856,8.3125,7.8333335,9.1999998,9.25,8.3000002,8.125,9.0625,7.090909,7.3076925,7.9285712,8.5714282999999991,8.0500002,5.1999998,7.0999999,4.5714288,1.4,4.4000001,2.1428571
Poland,2606,PSL,Agrarian/Center,5.3793101,4.1724138,6.965517,6.5357141,7.2962961,7.6086955,3.8518519,6.2307692,5.5,5.1666665,3.6923077,5.5999999,6.2727275,7.3333335,8.083333,6.9000001,6.0714288,6.75,8.363636,7.0833335,4.1428571,4.2857141,2.6315789,5.0999999,3.4444444,5.5,3.0999999,5.1111112,2.7142856
Poland,2619,Konfederacja,Radical Right,1.5172414,8.9642859,8.4137936,9.3928576,9.8148146,9.695652,8.666667,9.1538458,8.8571424,9.3846149,8.4615383,7.875,8.909091,9.5714282999999991,9.916667,7.6999998,9.666667,9.8125,4.5999999,4.818182,7.7777777,8.5714282999999991,4.9375,7.3333335,9,8,1.3,4.625,5.5714288
Poland,2620,Razem,Radical Left,6.4444447,0.85185188,1,1.0384616,1.8076923,1.875,0.95999998,1,1.4285715,0.5,2.0769231,1.0666667,0.60000002,0.86666667,0.083333336,0.55555558,1.0666667,0.875,2.25,5,2.9166667,1.2857143,1.1111112,6.7777777,0.875,5.4000001,5.25,4.8571429,4
Poland,2623,Polska 2050,Liberal,6.3103447,6.3214288,4.8928571,5.5925927,5.6666665,5.7727275,5.2692308,3.0769231,3.6428571,5.9230771,6.1538463,3.7333333,3.6363637,4.3333335,5.25,5.5,4.1428571,4.0625,3.4000001,4.6666665,3.4166667,3.7142856,1.4736842000000001,6.8000002,2,5.1999998,5,6.1111112,2.8571429
Romania,2701,PSD,Socialist,6.2173915,4.0454545,6.6363635,4.181818,5.0952382,5.7894735,2.7727273,4.6363635,4.1999998,3.6666667,3.7,5,4.1538463,6.3636365,6.2727275,7.909091,4.9000001,6.5555553,5.3636365,5.9000001,5.1111112,6,5.2727275,1.5714285,0.125,2.3,4.4285712,5.5555553,2.8
Romania,2705,PNL,Liberal,6.5652175,6.818182,5.5,6.2727275,4.5714288,5.3157897,7.0999999,5.0999999,3.3,5.9166665,6.1999998,3.75,3.6153846,6.3000002,5.818182,6.7272725,4.6999998,5.3000002,3.6363637,4.0999999,3.8888888,5.375,5.1666665,3,0.125,2.3,4.5714288,6.3333335,2
Romania,2706,UDMR,Regionalist,6.2173915,5.4285712,6,5.590909,5.5,4.1666665,5.0500002,4.9000001,4,4.3636365,5,4.375,3.6923077,6.4000001,5.818182,7,0.090909094,5,4.7272725,5.3000002,0.77777779,5.25,3.75,2.4285715,1.5,2.0999999,4.1428571,5.5555553,6
Romania,2713,USR,Liberal,6.652174,7.0454545,2.909091,5.818182,4.3333335,3.7368422,7.5999999,3.8181818,2.1111112,7.3333335,6.4000001,3.75,3.3076923,3.5,4.2727275,5,3.5999999,3.7,3.4545455,3.2,4.2222223,4.5714288,2.5833333,8.833333,0.5,3.3,5.1666665,6.5555553,1.5
Romania,2715,AUR,Radical Right,2.347826,4.6500001,9.409091,9.136364,9.3999996,9.2105265,3.5,6.8000002,7.7777777,5.6363635,4,8.5,7.25,9.8999996,7.909091,9.181818,9.727273,8.8999996,6.5,9.1000004,8.2857141,7.5714288,6,6.3333335,4.5,7.5999999,1,3.3333333,7.5
Romania,2716,SOS RO,Radical Right,1.5454545,3.7647059,9.666667,9.6190472,9.5,9.4444447,3.3125,7,8.7777777,5.5714288,4.25,8.8571424,7.25,10,8.090909,9,9.818182,9.6999998,7,9.3999996,8.5,8.5,6.2727275,5.6666665,4.625,9,1,2.1666667,7.75
Romania,2717,POT,Radical Right,1.375,4.2222223,9.8571424,9.9285717000000009,9,9.833333,4,8.333333,9.25,6.3333335,10,10,6.875,10,8.333333,9.5714282999999991,10,10,8,10,9.5,10,6.8571429,6.3333335,6.75,9.625,1,2.6666667,9.5
Slovakia,2803,Smer-SD,Socialist,3.0476191,2.4285715,8.9473686,4.7777777,9.333333,9,2.4117646,7.8888888,6.75,2.7777777,3.25,8.25,6.8888888,9.3000002,9.2857141,5.909091,8.1428576,8.5,7.8000002,8.25,7.1111112,9.333333,7.5714288,0.75,5.75,4,1.5714285,5.4285712,6
Slovakia,2805,KDH,Conservatives,5.5238094,5.6666665,8.1000004,6.9444447,6.3333335,7.4375,4.25,5.1111112,5,4.8000002,5,6.375,5.7777777,8.1999998,9.5714282999999991,9.090909,5,7.875,7.3333335,6,4.875,5.4444447,3.5714285,6,4,3.5,4.5714288,6.1428571,3.75
Slovakia,2809,SNS,Radical Right,2,4.4000001,9.5500002,8.5,9.3888893,9.375,4,8.8888893,7.7777777,3.6666667,2.3333333,8.25,7.5555553,9.6999998,9.7142859,8.818182,9.4285717000000009,9.75,8.1999998,8.875,7.8888888,9,7.5714288,2.5,6.625,2.6666667,1.7142857,4.3333335,5.75
Slovakia,2812,SaS,Liberal,5.3333335,8,2.2,6.7777777,5.6666665,5.25,7.647059,6.625,5.7777777,7.8000002,7.75,2.75,3.7777777,2.5,2.8571429,1.4545455,5,3,1.6,1.625,3.875,4.3333335,1.7142857,7.5,3.4285715,4,4.3333335,6.5714288,1.25
Slovakia,2814,OLaNO,Conservatives,4.7894735,5.0999999,7.3499999,6.1176472,6.1875,6.8571429,3.875,5.625,5.5714288,4.25,4.1999998,5.25,5.5,6.9000001,9.166667,7.5454545,4.3333335,6.375,5.1111112,5.8000002,5.75,5.875,4.1428571,8.25,3.625,7.5,3.8571429,5.6666665,2.5
Slovakia,2819,PS,Liberal,6.9523811,5.0476189,1.75,4.5555553,2.4117646,1.75,4.5294118,1.1111112,1.1111112,3.9000001,5,1.75,0.33333334,0.30000001,1.5714285,1.4545455,2.5,1.25,1.1,3.25,3.5,2.2222223,2,7.75,1,3.875,6.1428571,6.8571429,0.75
Slovakia,2822,Aliancia,Regionalist,3.7894738,5.1666665,7.875,7.0714288,7.8000002,5.8666668,4.909091,7.5,6.5714288,5,3,5.6666665,6.5999999,8.25,7.1666665,6.4444447,3,7.5,7.5999999,6.4285712,3,7.4285712,4.8333335,4.5,5.6666665,3.2,2.25,5.5,4.6666698
Slovakia,2823,Hlas,Socialist,4.7142859,3.5714285,6.0999999,4,7.1875,7.3333335,3.5882354,6,5.375,3.3,4.5714288,6,5.375,6.3000002,5.8333335,4.6363635,5.5,6,5.1999998,7,5.375,6.7777777,5.5714288,3.6666667,3.375,4.75,3.1666667,5.7142859,4.3333302
Slovakia,2824,Republika,Radical Right,1.3809524,5.0526314,9.8421049,9.1111107,9.7222223,9.6875,4.4000001,8.666667,8.333333,4.125,2.2,8.875,8.2222223,10,9.8571424,8.818182,9.7142859,9.875,8,8.875,8,9.5,7.5714288,4.5,8.25,3.4000001,1.1428572,3.6666667,7.25
Slovenia,2902,SDS,Conservatives,5.0588236,8.0588236,8.5625,8.5,9.125,8.9285717000000009,7.2307692,7.6666665,6.75,8.4285717000000009,6.4285712,7.75,8,9.4285717000000009,8.666667,8.333333,7.6363635,9,8.1000004,5.3333335,2.8333333,6.75,7.5,5.6666665,6.8333335,4.4000001,3,6.25,2.5
Slovenia,2903,SD,Socialist,6.2941175,2.8235295,2.5999999,3.0714285,3.5,3.2857144,2.9230769,3.1666667,3.125,2.4285715,3.8571429,3.5,3.25,2.1428571,1.8571428,1.6666666,2.3636363,2.5,3.5,5.5,4.5,2.875,3.8333333,6,2.2,3.8,5.3333335,5.75,5.5
Slovenia,2905,NSi,Christian-Democratic,6.1999998,7.5882354,7.875,7.4285712,7.9375,8.1428576,7.0769229,6.6666665,6,8.666667,7.1428571,6.5,7.75,8.5714282999999991,8.8571424,8,7.090909,8,8.3000002,5.1666665,3.5,5.75,4.3333335,6.3333335,6.3333335,3.8,4.8333335,5.75,2.5
Slovenia,2912,Levica,Socialist,4.4705882,0.88235295,1.5625,1.2142857,1.3125,1.2142857,0.84615386,1.5,2.2857144,1.8571428,2.2857144,2.75,2.75,0.71428573,0.85714287,1.3333334,1.1818181,0.5,2.0999999,6.1666665,5.1999998,2.125,3,8.666667,1.6666666,5.4000001,4.3333335,3.25,8.5
Slovenia,2916,GS,Liberal,6.1176472,3.375,3.1428571,3.7692308,3.8666666,3.3076923,4,2.6666667,3.7142856,2.5714285,3.6666667,3.75,3.75,2.1666667,1.8571428,2,2.4000001,2.75,3.3333333,5.1666665,5.5999999,2.6666667,3.5,7,2.3333333,3.4000001,5.5,6.6666665,4
Slovenia,2917,Vesna,Green,5.8571429,3.2666667,2.625,3.6428571,4.181818,3.7272727,3.3,0.5,1.875,2.6666667,4.5999999,3,4.5,3,2,2,2.5555556,2.5,4.6666665,6.3333335,4.5,3,3.5,6.3333335,2,5.75,4,4.3333335,5
Slovenia,2918,Resni.ca,Radical Right,2.9333334,7.6999998,8.3846149,8.083333,8.1538458,8.333333,6.375,8.333333,5,6.75,9,8,6.5,9.5,8.1999998,2,8.4285717000000009,7.6666665,6,6.4000001,5.6666665,7.1666665,8,8.5,6.5,6,1.5,2,2.5
Slovenia,2919,SLS,Christian-Democratic,5.0625,6.8666668,7.5,7.9230771,8.1333332,8.363636,6.818182,6.8000002,5.4285712,8,6,7.3333335,6.75,9.1999998,8.5714282999999991,8,7.5454545,8.5,9.3999996,6.5,3.1666667,6.125,5.75,5.6666665,6.3333335,4,2.6666667,5.75,3.5
Croatia,3101,HDZ,Christian-Democratic,6.8000002,4.5999999,6.4117646,6.4444447,5.352941,6.25,4.4705882,4.625,4.125,4.625,5.5555553,6,5.4285712,6.4444447,6.25,6.8571429,4.5999999,5.8000002,6.2727275,4.8000002,7,6.3333335,5,4.375,2,1.6666666,4.3333335,5.8000002,1.8333334
Croatia,3102,SDP,Socialist,6.5500002,3.5999999,3.2352941,3.6666667,4.1764708,4.6875,3.1176472,3.625,3.25,3.375,4,3.5,2,2.3333333,2.25,2.4285715,3.2,3.4000001,3.3636363,4.4000001,3.5999999,3.4444444,2.2857144,7.875,2,3.3333333,4.1666665,5.4000001,4.6666665
Croatia,3106,IDS,Regionalist,6.6842103,5.1666665,3,4,3.9285715,3.7857144,4.875,3.2857144,3,5.1428571,5.875,3,2.5999999,2.7777777,2.5,2.5999999,1.4,1.4,4.9000001,3.5999999,1.5454545,2.375,1.5714285,5.8571429,1.25,2.5999999,4.8333335,6.1999998,4.8000002
Croatia,3110,SDSS,Socialist,6.2777777,3,3.7647059,3.7222223,4.4000001,3.9230769,2.9230769,4,3.8333333,3,4.1111112,3.0999999,2.75,4.1428571,3.2,4,0.2,2.5999999,5.4545455,4.75,1.7777778,3,2.7142856,5.1666665,1,2.8,4.4000001,4,5.6666665
Croatia,3115,Most,Conservatives,4.0500002,6.0526314,8.1176472,7.7777777,8.7058821,8.0666666,5.352941,7,5.3333335,6.25,6.25,8,6.8571429,8.2222223,8.75,7.7142859,8.3999996,8.8000002,6.7272725,7,3.7,5.1111112,3.4285715,8.875,3.25,8.833333,1.5,3,2.6666667
Croatia,3120,M!,Green,6.3157897,2.3499999,1.2352941,2.2777777,2.5294118,2.4117646,2.1764705,1.125,0.55555558,1.875,2.8888888,1.4,0.5714286,0.66666669,0.5,1.1428572,1.1,0.2,2.909091,5.4000001,1.8,1.8,1.2857143,9.25,2,5,4.5,4.5999999,6.1666665
Croatia,3121,Centar,Liberal,6.3499999,6.3684211,3.125,4.7222223,3.9166667,4.6153846,5.7647057,3.5,3.25,6.25,6.8888888,2.2,2.2857144,2.6666667,2.125,1.5714285,2.5999999,1.8,3.090909,3.2,2.5,2.4444444,1.2857143,8.5714282999999991,1.5,2.8333333,4.8333335,6,4.8000002
Croatia,3122,DPS,Radical Right,3.4210527,6.3000002,9.1176472,8.9444447,9.2352943,8.6875,6,7.4285712,6.75,6.25,6.125,9,7.8571429,9.1111107,9.75,9.1428576,9.3999996,9.8000002,7.4545455,6.5999999,6.5,7.1999998,5.8571429,4.875,3.25,6.5,1.5,2.5,0.83333331
